<?xml version="1.0" encoding="UTF-8"?>
<addon id="webinterface.kodish" name="Kodish Web Control" provider-name="Kodish" version="1.0.0">
	<requires>
		<import addon="xbmc.json" version="6.0.0" />
	</requires>
	<extension point="xbmc.webinterface" />
	<extension point="xbmc.addon.metadata">
		<platform>all</platform>
		<summary lang="en">Modern web for kodish addons</summary>
		<description lang="en">Web Server for kodish</description>
		<platform>all</platform>
		<language>en</language>
		<source></source>
		<assets>
			<icon>icon.png</icon>
			<fanart>fanart.jpg</fanart>
		</assets>
	</extension>
</addon>