 <item>
 <title>Legue of Legends</title>
 <utube>UC2t5bjwHdUX4vM2g8TRDq5g</utube>
 <thumbnail>https://yt3.ggpht.com/obUUUL0v3-wd4Ptvuo-5A15aKbrZjWuIc4nRngte6ChWSDl6mFvWJktOVX1om1Fzl8eIHcsZ8fA=s256-c-k-c0x00ffffff-no-rj</thumbnail>
 </fanart></fanart>
 </item>


 channel/UC48rkTlXjRd6pnqqBkdV0Mw/live</link>
https://www.youtube.com/channel/UCIirjo8OWJBMLfV_peBD6RQ
 <item>
 <title>Worlds 2021</title>
 <utube>channel/UCIirjo8OWJBMLfV_peBD6RQ</utube>
 <thumbnail>https://liquipedia.net/commons/images/0/0c/Worlds_2021.png</thumbnail>
 </fanart></fanart>
 </item>

 <item>
 <title>Estudo Sistematico do Espiritismo</title>
 <utube>PLlRlJDlCghdwivURcdOiPNOZKEFlbw6v0</utube>
 <thumbnail>https://yt3.ggpht.com/ytc/AKedOLSE0zgO9dkoD79UQL_dphn_M83t6H6DFv6MuIBD2A=s256-c-k-c0x00ffffff-no-rj</thumbnail>
 </fanart></fanart>
 </item>
